{"ballStart":{"x":78.08888888888889,"y":12.222222222222221},"hole":{"x":30.08888888888889,"y":74.08888888888889},"bumperData":[{"x":77.37777777777778,"y":68.57777777777778,"id":0}],"tileData":[0,0,0,0,0,0,0,0,0,0,0,0,0,0,0,0,0,0,0,0,1,1,0,0,0,0,0,0,0,0,0,0,1,1,0,0,0,0,0,0,1,1,1,1,1,1,0,0,0,0,2,2,1,1,1,1,1,1,0,0,0,0,2,2,1,1,0,0,1,1,0,0,0,0,0,0,1,1,0,0,1,1,0,0,0,0,0,1,1,1,1,1,1,1,0,0,0,0,0,1,1,1,1,1,1,1,0,0,0,0,0,1,1,1,0,0,0,0,0,0,0,0,0,0,0,0,0,0,0,0,0,0,0,0,0,0,0,0,0,0,0,0,0,0]}