{"ballStart":{"x":15.238095238095239,"y":15.238095238095239},"hole":{"x":81.26984126984127,"y":47.77777777777778},"bumperData":[{"x":38.41269841269841,"y":38.730158730158735,"id":0},{"x":38.41269841269841,"y":55.07936507936508,"id":1},{"x":46.98412698412699,"y":63.65079365079365,"id":2},{"x":46.82539682539683,"y":13.650793650793652,"id":3}],"tileData":[0,0,0,0,0,0,0,0,0,0,0,0,0,1,1,0,0,1,1,1,1,1,1,0,0,1,1,0,0,1,1,1,1,1,1,0,0,1,1,1,1,1,1,0,0,1,1,0,0,1,1,1,1,1,1,0,0,1,1,0,0,0,0,1,1,1,1,0,0,1,1,0,0,0,0,1,1,1,1,0,0,1,1,0,0,1,1,1,1,1,1,0,0,1,1,0,0,1,1,1,1,1,1,0,0,1,1,0,0,1,1,0,0,1,1,1,1,1,1,0,0,1,1,0,0,1,1,1,1,1,1,0,0,0,0,0,0,0,0,0,0,0,0,0]}