{"ballStart":{"x":28.570380155584914,"y":19.249963305445473},"hole":{"x":26.95581975634816,"y":44.34903860267136},"bumperData":[{"x":51.17422574489946,"y":83.97915749302803,"id":0},{"x":51.32100396301189,"y":68.27388815499779,"id":1},{"x":51.17422574489946,"y":11.911052399823866,"id":2},{"x":51.32100396301189,"y":22.03874944958168,"id":3}],"tileData":[0,0,0,0,0,0,0,0,0,0,0,0,0,0,0,0,0,0,1,0,0,0,0,0,0,0,0,1,1,1,1,1,1,1,0,0,0,0,0,0,0,0,1,0,0,1,0,2,0,0,0,0,0,0,0,0,2,1,2,2,0,0,0,1,0,0,0,2,1,1,1,2,0,2,1,1,1,0,2,2,2,1,2,2,2,2,2,1,0,0,0,2,0,1,0,0,2,2,0,1,0,0,1,0,0,1,0,0,2,0,0,1,1,1,1,1,1,1,0,0,0,0,0,0,0,0,1,0,0,0,0,0,0,0,0,0,0,0,0,0,0,0,0,0]}