{"ballStart":{"x":31.94627917217085,"y":23.21297519448114},"hole":{"x":68.64083370027888,"y":60.34786437692645},"bumperData":[{"x":30.3317187729341,"y":55.35740496110376,"id":0},{"x":63.650374284456184,"y":22.03874944958168,"id":1},{"x":59.540584177308084,"y":51.54117129018053,"id":2}],"tileData":[0,0,0,0,0,0,0,0,0,0,0,0,0,0,0,0,0,0,0,0,0,0,0,0,0,0,0,1,1,1,1,1,1,0,0,0,0,0,0,1,1,1,1,1,1,0,0,0,0,0,0,1,1,2,2,1,1,0,0,0,0,0,0,1,1,2,2,1,1,0,0,0,0,0,0,1,1,1,1,1,1,1,0,0,0,0,0,1,1,1,1,1,1,1,1,0,0,0,0,0,0,0,0,1,1,1,1,0,0,0,0,0,0,0,0,0,1,1,1,0,0,0,0,0,0,0,0,0,0,0,0,0,0,0,0,0,0,0,0,0,0,0,0,0]}