{"ballStart":{"x":28.423601937472483,"y":19.8370761778952},"hole":{"x":76.71363569646265,"y":60.64142081315132},"bumperData":[{"x":51.02744752678703,"y":42.58769998532217,"id":0}],"tileData":[0,0,0,0,0,0,0,0,0,0,0,0,0,0,0,0,0,0,0,0,0,0,0,0,0,0,0,1,1,1,1,1,0,1,0,0,0,0,0,1,0,1,0,1,1,0,0,0,0,0,0,1,1,0,1,1,0,1,0,0,0,0,0,0,1,1,1,0,1,1,0,0,0,0,0,1,0,1,1,1,1,0,0,0,2,2,0,1,1,1,0,1,0,1,0,0,2,2,0,1,1,0,1,1,1,1,0,0,0,2,0,0,1,1,2,1,2,1,0,0,0,0,0,0,0,0,2,2,2,2,2,0,0,0,0,0,0,0,2,2,2,2,2,0]}